simultaneous users;total_time;total_invocations;success;failed;response time average (ms);standard_deviation;percent;throughput;fail_tax;hi_value;low_value
100;70928;10000;10000;0;587.3618;267.5741375631607;45.55525019896778;140.98804421385066;0.0;2386;105
200;130372;20000;20000;0;1156.73975;595.362231107457;51.46898696162702;153.40717331942443;0.0;5800;104
