simultaneous users;total_time;total_invocations;success;failed;response time average (ms);standard_deviation;percent;throughput;fail_tax;hi_value;low_value
300;193441;30000;30000;0;1774.5908;879.2799323662565;49.54832023057127;155.08604690835966;0.0;14121;104
400;252070;40000;40000;0;2348.655175;1085.468519542779;46.2165979534556;158.6860792636966;0.0;17249;104
