simultaneous users;total_time;total_invocations;success;failed;response time average (ms);standard_deviation;percent;throughput;fail_tax;hi_value;low_value
1;20894;100;100;0;109.54;3.3767475834632785;3.0826616610035407;4.786062984588877;0.0;129;107
2;21057;200;200;0;108.7;3.882702265745097;3.5719432067572194;9.498029158949517;0.0;130;105
3;20900;300;300;0;107.42;2.5069001765095327;2.3337368986311047;14.354066985645932;0.0;120;104
4;21179;400;400;0;106.9775;2.346435199481172;2.193391320119812;18.88663298550451;0.0;118;104
5;21131;500;500;0;107.73;3.8118447398393482;3.5383316994702945;23.661918508352656;0.0;151;104
6;21077;600;600;0;108.35833333333333;5.748478543478244;5.305063640832033;28.467049390330693;0.0;152;104
7;21327;700;700;0;111.15428571428572;8.299416283562586;7.466573358130024;32.82224410371829;0.0;158;104
8;21528;800;800;0;114.7175;10.085625590633544;8.791706226716538;37.16090672612412;0.0;158;104
9;22114;900;900;0;119.62333333333333;12.76829142254147;10.673746556587178;40.69820023514516;0.0;183;104
