simultaneous users;total_time;total_invocations;success;mw_failed;vm_fails;response time average (ms);standard_deviation;percent;throughput;fail_tax;hi_value;low_value
5;119902;5000;4999;0;1;109.61372274454891;5.504756185355392;5.021958973315814;41.69238211205818;0.0;192;102
10;131361;10000;10000;0;0;120.4883;13.149157887306488;10.91322384605517;76.12609526419561;0.0;193;101
15;146701;15000;15000;0;0;135.65606666666667;22.651295370044874;16.697591141060805;102.2487917601107;0.0;222;102
