simultaneous users;total_time;total_invocations;success;mw_failed;vm_fails;response time average (ms);standard_deviation;percent;throughput;fail_tax;hi_value;low_value
5;113199;5000;5000;0;0;111.893;6.196388467971463;5.537780261474322;44.17000150178005;0.0;144;102
10;123476;10000;10000;0;0;121.763;13.385901136454121;10.993406154951932;80.98739836081506;0.0;180;102
15;137261;15000;14999;0;1;135.208147209814;25.756872218683604;19.049793041475873;109.27357370265406;0.0;250;101
