simultaneous users;total_time;total_invocations;success;mw_failed;vm_fails;response time average (ms);standard_deviation;percent;throughput;fail_tax;hi_value;low_value
250;1633151;250000;250000;0;0;594.399008;546.3511594633745;91.91656649995193;153.07831302800537;0.0;15257;101
500;2358581;499915;499915;85;0;1212.6496364381944;1703.469447279107;140.47498932029148;211.95583276554845;0.017002890491383534;64792;101
750;3267595;749896;749896;104;0;2225.581895356156;1022.3176736365741;45.934848579138645;229.4947813299996;0.01386858977778252;65128;102
1000;4385021;999871;999871;129;0;3261.5535094027127;1511.293427724766;46.336613008735476;228.01966056719;0.012901664314696597;66610;101
