simultaneous users;total_time;total_invocations;success;mw_failed;vm_fails;response time average (ms);standard_deviation;percent;throughput;fail_tax;hi_value;low_value
250;1099828;250000;250000;0;0;1071.354372;1022.7968284023442;95.46764871953538;227.3082700204032;0.0;17486;103
500;2163903;499889;499889;111;0;2120.928786190534;1621.9560159482985;76.47385553484537;231.01266553999878;0.022204929494347745;65810;102
750;3252910;749911;749911;89;0;3185.1003585758845;1799.4731103934344;56.496590619141784;230.53542827806487;0.011868075011568039;67155;103
1000;4339722;999929;999929;71;0;4102.799747782093;1987.4669359415873;48.441724142543876;230.4131462798769;0.007100504135793642;68772;103
