simultaneous users;total_time;total_invocations;success;mw_failed;vm_fails;response time average (ms);standard_deviation;percent;throughput;fail_tax;hi_value;low_value
5;1110838;5000;5000;0;0;110.3638;5.0010850553001065;4.531454204458442;4.501106371946224;0.0;157;102
10;1118815;10000;10000;0;0;118.5649;6.729748653679052;5.676004157789576;8.938028181602856;0.0;172;102
15;1122988;15000;15000;0;0;122.73733333333334;8.568580255409595;6.981233845238282;13.35722198278165;0.0;190;102
