simultaneous users;total_time;total_invocations;success;mw_failed;vm_fails;response time average (ms);standard_deviation;percent;throughput;fail_tax;hi_value;low_value
20;163731;20000;20000;0;0;152.35955;30.23950388444326;19.847462062235845;122.15157789300743;0.0;299;101
40;255214;40000;40000;0;0;241.727475;98.62874147955313;40.80162649262486;156.7312138048853;0.0;619;101
60;282900;60000;60000;0;0;268.01918333333333;123.96206284673066;46.25119042041108;212.08907741251326;0.0;949;101
80;357174;80000;80000;0;0;341.1365125;157.16869528255955;46.07208244311273;223.98046890311164;0.0;2012;102
100;443074;100000;100000;0;0;425.92667;223.85436355021517;52.55701962739623;225.6959334106718;0.0;4309;102
