simultaneous users;total_time;total_invocations;success;mw_failed;vm_fails;response time average (ms);standard_deviation;percent;throughput;fail_tax;hi_value;low_value
5;208848;5000;5000;0;0;108.6316;4.088474601231273;3.76361445585932;23.940856508082433;0.0;145;101
10;215577;10000;10000;0;0;115.3456;7.043913849006888;6.106790245147528;46.3871377744379;0.0;185;101
15;220273;15000;15000;0;0;120.02986666666666;9.979593218209963;8.314258355317646;68.0973156038189;0.0;185;101
