simultaneous users;total_time;total_invocations;success;mw_failed;vm_fails;response time average (ms);standard_deviation;percent;throughput;fail_tax;hi_value;low_value
250;1087657;250000;250000;0;0;1050.65506;1020.5131515393451;97.13113184258067;229.8518742581531;0.0;17683;102
500;2178582;499953;499953;47;0;2119.870413818899;1812.267989942069;85.48956474548407;229.48550938179054;0.009400883683066208;65687;103
750;3253006;749835;749835;165;0;3176.8553988544145;1879.767154971693;59.170686700110544;230.50526190237582;0.02200484106503431;66582;103
1000;4337606;999847;999847;153;0;4114.803946003739;1879.730876223624;45.68214915923763;230.50664352640604;0.015302341258212506;69247;102
