simultaneous users;total_time;total_invocations;success;mw_failed;vm_fails;response time average (ms);standard_deviation;percent;throughput;fail_tax;hi_value;low_value
250;1640760;250000;250000;0;0;605.746768;542.3679102134955;89.53707041710464;152.36841463711937;0.0;7834;102
500;2349052;499973;499973;27;0;1242.6790406681962;1486.2773846434789;119.60267583207151;212.84032877943955;0.005400291615747251;64012;102
750;3353869;749821;749821;179;0;2296.96888857474;1412.1404890501888;61.478433429127385;223.5689587160381;0.02387236420425675;66515;102
1000;4398300;999889;999889;111;0;3289.2191663274625;1932.3624638170002;58.7483644628812;227.33533410635928;0.011101232236778282;69069;103
