simultaneous users;total_time;total_invocations;success;mw_failed;vm_fails;response time average (ms);standard_deviation;percent;throughput;fail_tax;hi_value;low_value
250;1083716;250000;250000;0;0;1046.93624;1043.8660411565795;99.70674442949644;230.68774475969718;0.0;17502;101
500;2158907;500000;499999;0;1;2110.5798991597985;1872.6305432915067;88.72587785172136;231.5982115023945;0.0;71236;102
750;3245355;749983;749983;17;0;3168.4889724167083;1878.4270195067518;59.28463175536998;231.09428706566771;0.002266718045609034;66585;101
1000;4314582;999865;999865;135;0;4068.3441934661178;1737.8091841676087;42.71539234459518;231.74087315990286;0.01350182274607072;67572;101
