simultaneous users;total_time;total_invocations;success;mw_failed;vm_fails;response time average (ms);standard_deviation;percent;throughput;fail_tax;hi_value;low_value
250;1204525;249986;249986;14;0;1039.0543390429864;2038.7022365514767;196.20747057648677;207.53907141819388;0.0056003136175625835;63933;103
500;2193434;499857;499857;143;0;2072.3354139283833;783.4619562678873;37.80575050747854;227.88786897622631;0.028608181940034852;65024;103
750;3260454;749925;749925;75;0;3097.428861552822;1764.561548387184;56.96858999055634;230.00631200440185;0.010001000100010001;68057;102
1000;4354009;999811;999811;189;0;4115.382750339814;1986.2076457581566;48.26301139533503;229.62998009420744;0.018903572775254524;68749;103
