simultaneous users;total_time;total_invocations;success;mw_failed;vm_fails;response time average (ms);standard_deviation;percent;throughput;fail_tax;hi_value;low_value
250;1090891;250000;250000;0;0;1062.683196;1021.8098882810915;96.15376361715721;229.17046707691236;0.0;17037;101
500;2157125;499960;499960;40;0;2111.4193075446037;1778.8238219702355;84.24777663129605;231.77145506171408;0.008000640051204096;65356;101
750;3243528;749883;749883;117;0;3147.205329364714;1773.6784072394914;56.35725100902525;231.19362619961967;0.015602433979700835;66284;102
1000;4315638;999808;999808;192;0;4065.223658942517;1654.9471290999913;40.70986661359959;231.67096035395;0.019203687107924722;69289;101
