simultaneous users;total_time;total_invocations;success;mw_failed;vm_fails;response time average (ms);standard_deviation;percent;throughput;fail_tax;hi_value;low_value
250;1217880;249941;249941;59;0;1005.8029895055233;2469.6564345643656;245.54077292795756;205.2262948730581;0.023605570914735877;64008;102
500;2156536;499835;499835;165;0;2032.9100423139637;684.7072757025545;33.68113991523133;231.7767938953952;0.03301089359488631;31320;102
750;3245666;749859;749859;141;0;3086.4442555200376;1744.4488707444148;56.51969471421706;231.03393879715287;0.018803535064592144;66379;103
1000;4354917;999806;999806;194;0;4088.20665809167;1832.8416990607816;44.83241314215588;229.58095412610618;0.019403764330280075;68897;101
