simultaneous users;total_time;total_invocations;success;mw_failed;vm_fails;response time average (ms);standard_deviation;percent;throughput;fail_tax;hi_value;low_value
5;209803;5000;5000;0;0;109.5724;4.22870365796952;3.8592781192795993;23.831880383025982;0.0;144;102
10;217258;10000;10000;0;0;117.0337;6.758189966489671;5.774567467737644;46.02822450726786;0.0;183;102
15;221926;15000;15000;0;0;121.70866666666667;8.292830816941798;6.813673211665396;67.59009760010093;0.0;192;102
