simultaneous users;total_time;total_invocations;success;failed;response time average (ms);standard_deviation;percent;throughput;fail_tax;hi_value;low_value
900;2997817;900000;900000;0;2965.784346666667;542.3457719565297;18.286756842792304;300.2184589653071;0.0;12057;104
1000;3326065;1000000;1000000;0;3293.443312;583.8545533115333;17.727785117302584;300.6555794910803;0.0;19125;104
