simultaneous users;total_time;total_invocations;success;failed;response time average (ms);standard_deviation;percent;throughput;fail_tax;hi_value;low_value
200;1290076;200000;199984;16;1255.6675584046723;650.6659427853901;51.818328699362304;155.01722379146656;0.008;10411;103
300;1907120;300000;299994;6;1867.2283178996913;978.8749389386036;52.42395531145696;157.30210998783505;0.002;17018;30
400;2540300;400000;399997;3;2498.5918894391707;1046.9123526395417;41.90009409157771;157.4605361571468;7.5E-4;18541;104
