simultaneous users;total_time;total_invocations;success;failed;response time average (ms);standard_deviation;percent;throughput;fail_tax;hi_value;low_value
800;5085722;800000;800000;0;5045.62751;1091.7161146625047;21.636874947641637;157.3031321806422;0.0;21228;104
900;5700229;900000;899991;9;5659.374972638615;1063.9102403331826;18.799076673252266;157.88681472270676;0.001;21777;105
1000;6348369;1000000;999997;3;6309.029219087657;1059.8144049056616;16.798375282511696;157.52030167118514;3.0000000000000003E-4;22851;104
