simultaneous users;total_time;total_invocations;success;failed;response time average (ms);standard_deviation;percent;throughput;fail_tax;hi_value;low_value
200;1287364;200000;199992;8;1252.9364324572982;658.1184124968304;52.5260815671317;155.3500020196308;0.004;16395;103
300;1896882;300000;300000;0;1857.3003333333334;957.1521376043644;51.53459138655;158.15427633347778;0.0;18827;104
400;2531716;400000;400000;0;2491.1192575;983.2825895116704;39.471518135926516;157.99560456228107;0.0;31650;104
500;3169238;500000;499998;2;3129.0476981907927;1028.4473796509808;32.86774376260312;157.76599927174922;3.9999999999999996E-4;18109;104
600;3797852;600000;600000;0;3759.115856666667;1014.7806769265976;26.995195562459664;157.98403939911296;0.0;19824;104
700;4438152;700000;700000;0;4398.035807142857;1054.1637536229582;23.968967053676305;157.72330465473016;0.0;21806;103
800;5930741;800000;798774;1226;5776.02910835856;3009.6024274849947;52.105042599763976;134.68367612074107;0.15325;131843;104
