simultaneous users;total_time;total_invocations;success;failed;response time average (ms);standard_deviation;percent;throughput;fail_tax;hi_value;low_value
800;5077188;800000;799991;9;5033.371905433936;1084.9498734167414;21.555130314242216;157.56576278049977;0.0011250000000000001;37812;104
900;5711959;900000;900000;0;5670.458608888889;1108.4985144474856;19.548657188147484;157.56415618529473;0.0;37964;105
1000;6338638;1000000;999997;3;6296.8288794866385;1102.2875289800922;17.5054388498796;157.76212492336683;3.0000000000000003E-4;24469;104
