simultaneous users;total_time;total_invocations;success;failed;response time average (ms);standard_deviation;percent;throughput;fail_tax;hi_value;low_value
200;694879;200000;200000;0;662.90359;381.17430236619555;57.5007147519288;287.81989382324116;0.0;7933;103
300;998074;300000;300000;0;964.1508366666667;499.8443760008049;51.84296450220421;300.57891499027124;0.0;9294;103
400;1320306;400000;400000;0;1286.40278;559.2384404011892;43.4730435207229;302.9600713773928;0.0;10891;103
