simultaneous users;total_time;total_invocations;success;failed;response time average (ms);standard_deviation;percent;throughput;fail_tax;hi_value;low_value
700;8608693;700000;699326;674;8489.813993759706;5191.0330911347155;61.14424997944945;81.23486341074074;0.0962857142857143;136223;106
800;13408540;800000;281119;588691;37987.806010977554;163164.20952583122;429.5173284781983;20.965668148806657;73.586375;4450901;100
