simultaneous users;total_time;total_invocations;success;failed;response time average (ms);standard_deviation;percent;throughput;fail_tax;hi_value;low_value
200;1362901;200000;200000;0;1328.65175;977.5531972344036;73.57482479772473;146.74580178604316;0.0;31830;103
300;2016549;300000;299990;10;1963.6186672889096;1870.1589963997296;95.24043682991586;148.76405185294283;0.0033333333333333335;128326;103
400;2688927;400000;399991;27;2640.5264493451104;1749.2154008862917;66.24494904491954;148.75487508586139;0.00675;128155;38
500;3360182;500000;499994;6;3314.55688668264;1790.9306418018637;54.03227951819252;148.79967811267366;0.0012000000000000001;130159;105
600;4028641;600000;599996;20;3985.1517660117734;1703.9297489696598;42.75696006114478;148.93260531280896;0.0033333333333333335;129652;20
700;4704644;700000;699975;25;4656.7969170327515;1948.5011770735512;41.8420904280084;148.78383996748744;0.0035714285714285718;130897;103
800;5365207;800000;799987;23;5320.610718674178;1847.7927762617294;34.728960150690625;149.10645572482105;0.002875;131251;29
900;6043871;900000;899994;18;5988.1370753582805;1931.7068618988028;32.258895172055254;148.9101934836134;0.002;131705;103
1000;6711199;1000000;999985;17;6665.0721210818165;1906.8357514631284;28.609379115820094;149.0024360773686;0.0017;132765;104
