simultaneous users;total_time;total_invocations;success;failed;response time average (ms);standard_deviation;percent;throughput;fail_tax;hi_value;low_value
200;698394;200000;200000;0;667.80468;387.4139471778603;58.01306261852797;286.37130330443847;0.0;7852;103
300;1000249;300000;300000;0;966.5026066666667;505.22704911202305;52.27373890428304;299.9253185956697;0.0;9402;103
400;1325710;400000;400000;0;1292.0299475;549.6705259379158;42.5431722384992;301.7251133354957;0.0;16660;103
500;1653827;500000;499982;18;1619.5684044625607;585.2568309000814;36.13659227282182;302.3181989410017;0.0036;33088;103
600;1984196;600000;599996;4;1948.500323335489;662.0565362102434;33.977748337086204;302.3874657543912;6.666666666666666E-4;17276;42
700;2308896;700000;699970;30;2271.4977141877507;719.4701738840351;31.673823371700184;303.1622039277646;0.004285714285714286;33168;104
800;3751229;800000;799202;798;3590.33177344401;4145.000846986363;115.44896428917735;213.05070951413524;0.09974999999999999;130798;103
900;2885761;900000;-91467;991467;-23624.848021690883;NaN;NaN;-31.695972050353443;110.16300000000001;981546;100
1000;1877844;0;0;1000000;0.0;0.0;NaN;0.0;Infinity;0;0
