simultaneous users;total_time;total_invocations;success;failed;response time average (ms);standard_deviation;percent;throughput;fail_tax;hi_value;low_value
500;1664844;500000;500000;0;1629.502736;560.9676148387217;34.42569333855489;300.3284391810884;0.0;10296;104
600;1993903;600000;600000;0;1960.5555383333333;583.0520036539556;29.739122011795065;300.91734653089947;0.0;17342;104
700;2320037;700000;699993;7;2285.885430282874;632.6490643030263;27.67632427775425;301.7163088347298;0.001;18167;103
800;2640989;800000;800000;0;2605.63950125;679.3839439743037;26.073597043964973;302.9168239625383;0.0;18645;103
900;2972397;900000;899998;2;2936.9379054175674;758.8785223067864;25.83910680940633;302.7852605153349;2.222222222222222E-4;33890;48
