simultaneous users;total_time;total_invocations;success;failed;response time average (ms);standard_deviation;percent;throughput;fail_tax;hi_value;low_value
250;1219509;250000;250000;0;1083.786504;1311.1113048093484;120.97505366327653;205.00053710140722;0.0;63743;104
500;2365640;500000;499972;28;2206.506716376117;2298.4558650441777;104.16718190729438;211.3474577704131;0.0056;129307;104
750;3532816;750000;749973;27;3383.915084943058;2225.8870377942094;65.7784543027818;212.28759154170498;0.0036;131174;104
1000;4714895;1000000;999947;53;4557.994034683838;2314.5393090593493;50.779779250410876;212.0825596328232;0.0053;130854;104
