simultaneous users;total_time;total_invocations;success;failed;response time average (ms);standard_deviation;percent;throughput;fail_tax;hi_value;low_value
250;1458241;250000;250000;0;1326.07952;594.8963035109709;44.861284299977044;171.43942599337146;0.0;16854;504
500;3062854;500000;500000;0;2922.509954;1154.0944349145984;39.489837608080855;163.24643616705202;0.0;32908;504
750;4460024;750000;750000;0;4328.951341333333;1219.7508096198926;28.17658858794668;168.16053007786505;0.0;36419;504
1000;5897667;1000000;1000000;0;5771.809081;1292.7227464019625;22.39718480393656;169.55857290687996;0.0;69738;504
