simultaneous users;total_time;total_invocations;success;failed;response time average (ms);standard_deviation;percent;throughput;fail_tax;hi_value;low_value
200;1496603;200000;200000;0;1455.86366;1232.8939787504921;84.68471414077965;133.6359742697295;0.0;63968;109
300;2092679;300000;300000;0;2036.6821233333333;2221.518871276604;109.07538519760548;143.35691235970734;0.0;64627;108
400;2637750;400000;399997;3;2574.358537689033;2566.3784587343357;99.69001680077318;151.64325656335893;7.5E-4;127363;107
500;3288909;500000;500000;0;3222.782746;2605.3566495321215;80.84183312591564;152.02609740798545;0.0;67027;108
600;4163407;600000;599987;27;4102.369614674984;2577.8781064117484;62.83875780451792;144.1096198377915;0.0045000000000000005;128246;108
700;4633013;700000;699989;11;4563.310072015417;3001.0900813197177;65.7656401594088;151.0872082595063;0.0015714285714285715;129108;107
800;10845353;800000;661676;151706;13037.016093979531;41338.886346846666;317.0885580630439;61.010093447396315;18.963250000000002;1037904;100
900;1247898;0;0;900000;0.0;0.0;NaN;0.0;Infinity;0;0
1000;1386199;0;0;1000000;0.0;0.0;NaN;0.0;Infinity;0;0
