simultaneous users;total_time;total_invocations;success;mw_failed;vm_fails;response time average (ms);standard_deviation;percent;throughput;fail_tax;hi_value;low_value
1;11233;10;10;0;0;120.8;5.61347584933896;4.646917093823643;0.8902341315766047;0.0;135;115
1;11220;10;10;0;0;119.6;3.2041639575193432;2.6790668541131635;0.8912655971479501;0.0;124;115
1;11237;10;10;0;0;121.1;6.822348894951342;5.633648963626212;0.8899172376968942;0.0;137;113
1;11208;10;10;0;0;117.9;5.108815909777857;4.333177192347631;0.8922198429693077;0.0;130;113
1;11207;10;10;0;0;117.6;4.718756898449635;4.012548383035404;0.892299455697332;0.0;126;112
1;11192;10;10;0;0;116.1;2.7668674625928342;2.3831761090377555;0.8934953538241601;0.0;120;112
1;11213;10;10;0;0;118.7;3.945461527713496;3.323893452159642;0.8918219923303309;0.0;123;112
1;11230;10;10;0;0;120.3;4.217687623436512;3.505974749323784;0.8904719501335708;0.0;129;114
1;11227;10;10;0;0;119.5;3.9791121287711073;3.3298009445783325;0.8907098957869422;0.0;126;113
1;11237;10;10;0;0;120.7;7.986794656737429;6.6170626816383;0.8899172376968942;0.0;142;115
1;11240;10;10;0;0;121.4;3.747591819347966;3.086978434388769;0.8896797153024911;0.0;128;117
1;111576;100;100;0;0;115.34;4.799452830765911;4.1611347587705145;0.896250089625009;0.0;133;109
1;11235;10;10;0;0;120.4;6.979334575094567;5.796789514198145;0.8900756564307967;0.0;139;115
1;11234;10;10;0;0;120.6;6.168017869984149;5.114442678262146;0.8901548869503294;0.0;137;115
1;111644;100;100;0;0;115.98;5.156108469131945;4.445687591939943;0.8957042026441188;0.0;132;109
1;111622;100;100;0;0;115.77;5.699291113105104;4.922943001731972;0.8958807403558439;0.0;145;110
