simultaneous users;total_time;total_invocations;success;mw_failed;vm_fails;response time average (ms);standard_deviation;percent;throughput;fail_tax;hi_value;low_value
1;1108481;1000;1000;0;0;108.276;2.3552858364475555;2.175261218042369;0.9021354448114131;0.0;131;106
2;1108194;2000;2000;0;0;107.972;2.582547342332316;2.3918676530325604;1.8047381595641196;0.0;124;104
3;1109395;3000;3000;0;0;109.18366666666667;3.3588232741270323;3.076305620309844;2.7041766007598738;0.0;130;103
4;1108752;4000;4000;0;0;108.3775;3.4073297791755333;3.143945725981438;3.6076597832518003;0.0;135;103
5;1112429;5000;5000;0;0;110.518;78.80881068591472;71.30857478954987;4.494668873249439;0.0;3355;103
6;1109607;6000;6000;0;0;108.92883333333333;4.838388537467364;4.4417886333744185;5.40731988893365;0.0;149;103
7;1112164;7000;7000;0;0;111.18128571428572;7.620283245066665;6.853926176613312;6.294035771702735;0.0;173;103
8;1111197;8000;8000;0;0;110.6465;7.8999581592160855;7.139817490129453;7.199443483018762;0.0;173;103
9;1111545;9000;9000;0;0;110.41088888888889;7.478743689031494;6.773556271752931;8.09683818468888;0.0;194;103
10;1109689;10000;10000;0;0;109.0877;7.0908276451814345;6.5001165531782545;9.011533862190218;0.0;190;103
