simultaneous users;total_time;total_invocations;success;failed;response time average (ms);standard_deviation;percent;throughput;fail_tax;hi_value;low_value
200;1692423;200000;200000;0;1652.51774;794.1244493487766;48.055426584938;118.17376625110862;0.0;11286;105
300;2526046;300000;300000;0;2476.365063333333;1315.6496182818416;53.12825793588365;118.76268286484094;0.0;66371;105
400;3381929;400000;399994;70;3334.072328584929;1297.0510580780858;38.902907023273535;118.27392000246013;0.017499999999999998;66062;104
500;4244404;500000;500000;146;4201.273348;1231.0636440705503;29.30215537288459;117.80216963323944;0.0292;67614;46
600;5105482;600000;599999;1;5061.7933629889385;1225.9820467776615;24.22031005338652;117.52053968655653;1.6666666666666666E-4;37688;105
700;5940787;700000;700000;20;5896.586907142857;1288.8753445247514;21.857989457655012;117.82950642734708;0.002857142857142857;37741;55
800;6784590;800000;800000;0;6739.04680625;1281.220284055279;19.011891753994583;117.91427337539925;0.0;70033;106
900;7634709;900000;900000;66;7590.319131111111;1300.8945305956822;17.13886475818376;117.88268550903511;0.007333333333333333;40374;38
1000;8481784;1000000;1000000;142;8437.218454;1282.859617801051;15.204769495957049;117.89972486920205;0.0142;43044;38
