simultaneous users;total_time;total_invocations;success;failed;response time average (ms);standard_deviation;percent;throughput;fail_tax;hi_value;low_value
200;1705039;200000;200000;0;1664.99556;809.3828767483855;48.61171382032907;117.29936969183696;0.0;17359;104
300;2528524;300000;300000;0;2481.0166066666666;1208.7605735041018;48.720374150502536;118.64629325250621;0.0;33874;105
400;3380615;400000;400000;0;3335.9896025;1190.3314463907827;35.68150948368499;118.32166632402684;0.0;65809;105
500;4227847;500000;499971;31;4184.116982785002;1219.7343775744507;29.15153621643198;118.25664457583257;0.006200000000000001;36832;100
600;5079922;600000;600000;78;5036.7127316666665;1211.9146427260214;24.061619299955478;118.11204975194501;0.013;68677;50
