simultaneous users;total_time;total_invocations;success;failed;response time average (ms);standard_deviation;percent;throughput;fail_tax;hi_value;low_value
700;6051177;700000;700000;0;6007.517107142857;1261.3293706091667;20.99585149927352;115.67997432565599;0.0;68731;105
800;6783708;800000;800000;0;6739.05600625;1275.5998528626762;18.928464931581622;117.92960428131636;0.0;69815;104
900;7639481;900000;900000;0;7595.874217777778;1246.1758704377935;16.405957164498314;117.80905011740981;0.0;38798;106
1000;8483501;1000000;999910;90;8440.50132011881;1257.3416596153209;14.89652820287246;117.86525397945967;0.009000000000000001;132548;105
