simultaneous users;total_time;total_invocations;success;mw_failed;vm_fails;response time average (ms);standard_deviation;percent;throughput;fail_tax;hi_value;low_value
5;1109817;5000;5000;0;0;109.563;5.16884652460094;4.7176934956152525;4.505247261485452;0.0;187;102
10;1117171;10000;10000;0;0;116.9135;6.826073342539525;5.838567267714613;8.951181153109058;0.0;180;102
15;1121919;15000;15000;0;0;121.6732;9.063443688471816;7.449005769940969;13.369949167453266;0.0;193;102
5;1110661;5000;5000;0;0;110.3984;5.346044657379446;4.842501936060166;4.501823688776323;0.0;151;102
10;1118095;10000;10000;0;0;117.8648;7.360430595682263;6.244808115469811;8.943783846631995;0.0;170;102
15;1122101;15000;15000;0;0;121.84173333333334;9.217212998691819;7.564906330965815;13.367780618678712;0.0;200;102
