simultaneous users;total_time;total_invocations;success;mw_failed;vm_fails;response time average (ms);standard_deviation;percent;throughput;fail_tax;hi_value;low_value
250;1202151;249998;249998;2;0;1048.4780918247345;1752.6306211039348;167.15948905081248;207.95890033781114;8.000064000512004E-4;63684;102
500;2196187;499960;499960;40;0;2071.621557724618;1012.3160875564083;48.86587918443433;227.64910274034042;0.008000640051204096;64471;103
750;3259628;749906;749906;94;0;3120.848475675618;1480.9753033714492;47.45425210209348;230.05876744217437;0.012534904374681627;66749;102
1000;4328103;1000000;1000000;0;0;4109.115436;1726.87730733708;42.02552433080588;231.04810583297117;0.0;68379;103
250;1215697;249978;249978;22;0;1031.5747065741784;2043.7660136466513;198.12098926251528;205.62525037077495;0.008800774468153198;63666;101
500;2217716;499967;499967;33;0;2086.4087569779604;1051.4789454691465;50.396593762008145;225.4423018997924;0.006600435628751498;64676;103
750;3273645;749994;749994;6;0;3137.311721160436;1484.2654353240187;47.31010391198919;229.10058970963559;8.000064000512004E-4;66749;102
1000;4346082;999988;999988;12;0;4122.1007002084025;1749.1213834109885;42.432766946294095;230.0895381173204;0.0012000144001728021;67402;103
