simultaneous users;total_time;total_invocations;success;mw_failed;vm_fails;response time average (ms);standard_deviation;percent;throughput;fail_tax;hi_value;low_value
5;119331;5000;5000;0;0;108.9334;5.106131505924148;4.687388354649857;41.90026061962105;0.0;138;101
10;131350;10000;10000;0;0;120.2677;14.184306686109709;11.793945245572758;76.13247049866769;0.0;188;101
15;147794;15000;15000;0;0;136.74046666666666;25.027626094379883;18.30301351493112;101.4926181035766;0.0;256;101
