simultaneous users;total_time;total_invocations;success;mw_failed;vm_fails;response time average (ms);standard_deviation;percent;throughput;fail_tax;hi_value;low_value
250;1116564;250000;250000;0;0;1084.4709;1051.7792567528652;96.98547529056475;223.9011825564858;0.0;64667;102
500;2165340;500000;500000;0;0;2125.87929;1735.187235222925;81.62209601387693;230.910619117552;0.0;65132;102
750;3263116;749976;749976;24;0;3196.0740517029876;1861.8750398817472;58.25506573884515;229.83430561463337;0.0032001024032769047;66589;102
1000;4375479;999902;999902;98;0;4155.8208524435395;1554.63011515344;37.40849690956598;228.5240084571312;0.009800960494128425;35581;102
250;31975;0;0;250000;0;0.0;0.0;NaN;0.0;Infinity;0;0
500;60073;0;0;500000;0;0.0;0.0;NaN;0.0;Infinity;0;0
750;82496;0;0;750000;0;0.0;0.0;NaN;0.0;Infinity;0;0
1000;107307;0;0;1000000;0;0.0;0.0;NaN;0.0;Infinity;0;0
