simultaneous users;total_time;total_invocations;success;mw_failed;vm_fails;response time average (ms);standard_deviation;percent;throughput;fail_tax;hi_value;low_value
5;111765;5000;5000;0;0;110.3818;6.320571072595919;5.72609893351614;44.736724377041114;0.0;166;102
10;122984;10000;10000;0;0;121.0925;12.707426632452453;10.493983221464957;81.31139009952514;0.0;203;102
15;136088;15000;15000;0;0;133.70713333333333;24.69637537195806;18.470499483666085;110.22279701369702;0.0;314;102
5;111657;5000;5000;0;0;110.1648;6.280344696424046;5.700863339672968;44.77999588024038;0.0;175;102
10;123419;10000;10000;0;0;121.4587;13.378445073672033;11.014810033099346;81.02480169179786;0.0;226;102
15;136815;15000;15000;0;0;134.44686666666666;25.073489761927394;18.649367131843952;109.63710119504441;0.0;252;102
