simultaneous users;total_time;total_invocations;success;mw_failed;vm_fails;response time average (ms);standard_deviation;percent;throughput;fail_tax;hi_value;low_value
250;1101483;250000;250000;0;0;1059.58622;1105.192132427982;104.30412472030656;226.96673484747382;0.0;32360;102
500;2178985;499868;499868;132;0;2131.7368485280113;1603.0589576011591;75.19966447585169;229.40405739369476;0.026406971440460284;64482;102
750;3245182;749977;749977;23;0;3177.058371123381;1728.2890850223564;54.399034677201975;231.10475776088984;0.003066760713995229;67842;103
1000;4337400;999815;999815;185;0;4098.940599010817;1764.0879000396558;43.03765466777871;230.5102134919537;0.018503423133279656;66813;102
