simultaneous users;total_time;total_invocations;success;mw_failed;vm_fails;response time average (ms);standard_deviation;percent;throughput;fail_tax;hi_value;low_value
250;1634823;250000;250000;0;0;605.4887;521.8075621652466;86.17957067823836;152.92175360880046;0.0;7732;102
500;2324962;499993;499993;7;0;1206.739454352361;1424.4702421301918;118.04289956647548;215.05426755362024;0.001400019600274404;65010;102
750;3333600;749926;749926;74;0;2246.4545968535563;1547.0888453555708;68.868021972154;224.95980321574274;0.009867640273840354;65225;102
1000;4380362;999930;999930;70;0;3295.402716190133;1739.8047167929951;52.79490449666226;228.275653929972;0.007000490034302401;66987;102
250;1631037;250000;250000;0;0;597.387164;503.38096210088156;84.26377271488906;153.2767190443871;0.0;15417;102
500;2303569;499983;499983;17;0;1223.708418086215;1373.2993564956223;112.22439399766128;217.04711254579308;0.003400115603930534;64582;101
750;3330388;750000;750000;0;0;2264.841630666667;1441.3496379764556;63.64019534346812;225.19898582387398;0.0;64605;102
1000;4366292;999989;999989;11;0;3300.618986808855;1712.737284373645;51.89139646892642;229.02476517832523;0.0011000121001331015;66215;102
