simultaneous users;total_time;total_invocations;success;mw_failed;vm_fails;response time average (ms);standard_deviation;percent;throughput;fail_tax;hi_value;low_value
5;1110744;5000;5000;0;0;110.4944;5.497382366415506;4.975258806252177;4.501487291401079;0.0;168;102
10;1116712;10000;10000;0;0;116.4491;7.437656960636563;6.387045465045727;8.954860339998138;0.0;178;101
15;1121960;15000;15000;0;0;121.71033333333334;10.559507253424206;8.675933229518341;13.36946058683019;0.0;205;101
