simultaneous users;total_time;total_invocations;success;mw_failed;vm_fails;response time average (ms);standard_deviation;percent;throughput;fail_tax;hi_value;low_value
250;1113124;250000;250000;0;0;1086.890268;1025.0577855090623;94.31106485066644;224.593127090962;0.0;16912;102
500;2172215;500000;500000;0;0;2133.294634;1656.0938064440065;77.63080542413283;230.17979343665337;0.0;65271;103
750;3263661;749970;749970;30;0;3194.76047308559;1769.2008830446835;55.37820121256036;229.79408706970486;0.004000160006400256;66836;102
1000;4371754;999978;999978;22;0;4148.0502591057;1713.9000379861432;41.31820809605262;228.73610912233397;0.0022000484010648233;68134;102
