simultaneous users;total_time;total_invocations;success;mw_failed;vm_fails;response time average (ms);standard_deviation;percent;throughput;fail_tax;hi_value;low_value
5;110990;5000;4997;0;3;109.51590954572744;6.457751860012217;5.896633545572516;45.02207406072619;0.0;136;101
10;122814;10000;10000;0;0;121.0889;11.70515689172028;9.666581240493786;81.42394189587506;0.0;183;101
15;132473;15000;15000;0;0;130.4766;22.901179373730518;17.551943700043164;113.23062057928786;0.0;238;101
